date_time,song_name,artists,duration,user_name
2023-02-10 00:07:34,LEO - Bloody Sweet Promo | Thalapathy Vijay | Lokesh Kanagaraj | Anirudh,Sony Music India,03:49,Vignaraj#6477
2023-02-10 00:07:40,Beast Mode - Official Lyric Video | Beast | Thalapathy Vijay | Sun Pictures | Nelson | Anirudh,Sun TV,04:39,Vignaraj#6477
2023-02-10 00:08:28,JD Intro Theme | Master Mash-up | Thalapathy,Sony Music South,02:30,Vignaraj#6477
2023-02-10 00:08:38,VIKRAM - Official Title Teaser | #KamalHaasan232 | Kamal Haasan | Lokesh Kanagaraj | Anirudh,Raaj Kamal Films International,02:22,Vignaraj#6477
2023-02-10 00:08:56,VIKRAM Title Track Lyric | Kamal Haasan | Vijay Sethupathi | Lokesh Kanagaraj | Anirudh,Sony Music South,04:37,Vignaraj#6477
2023-02-10 00:12:16,Beast Mode - Official Lyric Video | Beast | Thalapathy Vijay | Sun Pictures | Nelson | Anirudh,Sun TV,04:39,Vignaraj#6477
2023-02-10 00:12:33,VIKRAM Title Track Lyric | Kamal Haasan | Vijay Sethupathi | Lokesh Kanagaraj | Anirudh,Sony Music South,04:37,Vignaraj#6477
2023-02-10 00:12:55,JD Intro Theme | Master Mash-up | Thalapathy,Sony Music South,02:30,Vignaraj#6477
2023-02-10 00:13:53,JD Intro Theme | Master Mash-up | Thalapathy,Sony Music South,02:30,Vignaraj#6477
2023-02-10 00:14:29,LEO - Bloody Sweet Promo | Thalapathy Vijay | Lokesh Kanagaraj | Anirudh,Sony Music India,03:49,Vignaraj#6477
2023-02-10 20:17:05,LEO - Bloody Sweet Promo | Thalapathy Vijay | Lokesh Kanagaraj | Anirudh,Sony Music India,03:49,Vignaraj#6477
2023-02-10 20:19:43,LEO - Bloody Sweet Promo | Thalapathy Vijay | Lokesh Kanagaraj | Anirudh,Sony Music India,03:49,Vignaraj#6477
2023-02-10 20:21:27,LEO - Bloody Sweet Promo | Thalapathy Vijay | Lokesh Kanagaraj | Anirudh,Sony Music India,03:49,Vignaraj#6477
2023-02-10 20:53:15,Valimai - Naanga Vera Maari Video | Ajith Kumar | Yuvan Shankar Raja,SonyMusicSouthVEVO,04:29,Vignaraj#6477
2023-02-10 21:12:13,LEO - Bloody Sweet Promo | Thalapathy Vijay | Lokesh Kanagaraj | Anirudh,Sony Music India,03:49,Vignaraj#6477
2023-02-10 21:14:22,LEO - Bloody Sweet Promo | Thalapathy Vijay | Lokesh Kanagaraj | Anirudh,Sony Music India,03:49,Vignaraj#6477
2023-02-10 21:15:08,Valimai - Naanga Vera Maari Video | Ajith Kumar | Yuvan Shankar Raja,SonyMusicSouthVEVO,04:29,Vignaraj#6477
2023-02-10 21:21:43,LEO - Bloody Sweet Promo | Thalapathy Vijay | Lokesh Kanagaraj | Anirudh,Sony Music India,03:49,Vignaraj#6477
2023-02-10 21:24:18,LEO - Bloody Sweet Promo | Thalapathy Vijay | Lokesh Kanagaraj | Anirudh,Sony Music India,03:49,Vignaraj#6477
2023-02-10 21:29:57,LEO - Bloody Sweet Promo | Thalapathy Vijay | Lokesh Kanagaraj | Anirudh,Sony Music India,03:49,Vignaraj#6477
2023-02-10 21:31:25,LEO - Bloody Sweet Promo | Thalapathy Vijay | Lokesh Kanagaraj | Anirudh,Sony Music India,03:49,Vignaraj#6477
2023-02-10 21:33:02,LEO - Bloody Sweet Promo | Thalapathy Vijay | Lokesh Kanagaraj | Anirudh,Sony Music India,03:49,Vignaraj#6477
2023-02-10 21:34:16,LEO - Bloody Sweet Promo | Thalapathy Vijay | Lokesh Kanagaraj | Anirudh,Sony Music India,03:49,Vignaraj#6477
2023-02-10 21:34:56,LEO - Bloody Sweet Promo | Thalapathy Vijay | Lokesh Kanagaraj | Anirudh,Sony Music India,03:49,Vignaraj#6477
2023-02-10 21:44:50,LEO - Bloody Sweet Promo | Thalapathy Vijay | Lokesh Kanagaraj | Anirudh,Sony Music India,03:49,Vignaraj#6477
2023-02-10 22:28:48,Dr. Dre - Still D.R.E. ft. Snoop Dogg,DrDreVEVO,05:50,recovery#1383
2023-02-10 22:47:03,Dr. Dre - Still D.R.E. ft. Snoop Dogg,DrDreVEVO,05:50,recovery#1383
2023-02-10 22:53:52,Dr. Dre - Still D.R.E. ft. Snoop Dogg,DrDreVEVO,05:50,recovery#1383
2023-02-10 22:58:43,Masked Wolf - Astronaut In The Ocean (Official Music Video),Masked Wolf,03:32,recovery#1383
2023-02-10 23:00:07,Roddy Ricch - The Box [Official Music Video],Roddy Ricch,04:33,recovery#1383
2023-02-10 23:00:36,XXXTENTACION - Hope | Lyrics,DynamicVibes,02:51,recovery#1383
2023-02-10 23:01:07,CJ - WHOOPTY [Official Music Video],Real CJ,03:07,recovery#1383
2023-02-10 23:01:12,KR$NA - Machayenge 4 | Official Music Video (Prod. Pendo46),KRSNA,02:05,recovery#1383
2023-02-10 23:01:18,Artz & Bugy - Hayrola feat. Ezhel (Official Audio),Artz x Bugy,07:42,recovery#1383
2023-02-10 23:01:24,Makaveli - Hail Mary,Music & Chill,04:37,recovery#1383
2023-02-10 23:01:30,Never Love Again [Official Audio],EminemMusic,05:13,recovery#1383
2023-02-10 23:01:35,Never Love Again [Official Audio],EminemMusic,03:58,recovery#1383
2023-02-10 23:20:03,Dr. Dre - Still D.R.E. ft. Snoop Dogg,DrDreVEVO,05:50,recovery#1383
2023-02-11 09:32:12,LEO - Bloody Sweet Promo | Thalapathy Vijay | Lokesh Kanagaraj | Anirudh,Sony Music India,03:49,Vignaraj#6477
2023-02-11 09:35:22,Taylor Swift - Lavender Haze (Official Music Video),TaylorSwiftVEVO,04:30,Vignaraj#6477
2023-02-11 09:35:31,Chris Brown - Under The Influence (Official Video),ChrisBrownVEVO,03:56,Vignaraj#6477
2023-02-11 09:35:33,Big Blanco - Blanco Story Pt. 1 (OFFICIAL VIDEO),Big Blanco,04:30,Vignaraj#6477
2023-02-11 09:35:36,Nelly - Dilemma (Official Music Video) ft. Kelly Rowland,NellyVEVO,05:41,Vignaraj#6477
2023-02-11 09:35:39,The Weeknd - The Hills (Official Video),TheWeekndVEVO,04:54,Vignaraj#6477
2023-02-11 09:35:42,Miguel - Sure Thing (Lyrics),Dan Music,03:16,Vignaraj#6477
2023-02-11 09:35:45,"Bruno Mars, Anderson .Paak, Silk Sonic - Leave the Door Open [Official Video]",Bruno Mars,04:08,Vignaraj#6477
2023-02-11 09:35:48,The Weeknd - I Feel It Coming ft. Daft Punk (Official Video),TheWeekndVEVO,05:58,Vignaraj#6477
2023-02-11 09:35:51,The Weeknd - Call Out My Name (Official Video),TheWeekndVEVO,04:58,Vignaraj#6477
2023-02-11 09:35:54,Khalid - Better (Official Video),KhalidVEVO,04:11,Vignaraj#6477
2023-02-11 09:35:56,Rihanna - Work (Explicit) ft. Drake,RihannaVEVO,08:34,Vignaraj#6477
2023-02-11 09:35:59,Rihanna - Love On The Brain (Lyrics),Cakes & Eclairs,04:44,Vignaraj#6477
2023-02-11 09:36:02,The Weeknd - I Was Never There feat. Gesaffelstein (Official Audio),The Weeknd,04:01,Vignaraj#6477
2023-02-11 09:36:04,Jaymes Young - Infinity [Official Audio],Jaymes Young,04:58,Vignaraj#6477
2023-02-11 09:36:08,Lana Del Rey - Young and Beautiful,LanaDelReyVEVO,04:59,Vignaraj#6477
2023-02-11 09:36:11,Mario - Let Me Love You (Official Video),MarioVEVO,04:26,Vignaraj#6477
2023-02-11 09:36:14,The Weeknd - Is There Someone Else? (Official Music Video),TheWeekndVEVO,04:14,Vignaraj#6477
2023-02-11 09:36:16,"Doja Cat, The Weeknd - You Right (Official Video)",dojacatVEVO,03:10,Vignaraj#6477
2023-02-11 09:36:19,Daniel Caesar - Get You ft. Kali Uchis [Official Video],Daniel Caesar,05:31,Vignaraj#6477
2023-02-11 09:36:22,Doja Cat - Streets (Official Video),dojacatVEVO,05:34,Vignaraj#6477
2023-02-11 09:36:25,"Future - WAIT FOR U (Official Music Video) ft. Drake, Tems",FutureVEVO,04:59,Vignaraj#6477
2023-02-11 09:36:28,Chris Brown - Call Me Every Day (Official Video) ft. Wizkid,ChrisBrownVEVO,03:06,Vignaraj#6477
2023-02-11 09:36:31,ZAYN - PILLOWTALK,ZaynVEVO,03:27,Vignaraj#6477
2023-02-11 09:36:34,"Busta Rhymes, Mariah Carey - I Know What You Want (Official HD Video) ft. Flipmode Squad",BustaRhymesVEVO,05:19,Vignaraj#6477
2023-02-11 09:36:36,"Sam Smith - Fire On Fire (From ""Watership Down"")",SamSmithVEVO,04:08,Vignaraj#6477
2023-02-11 09:36:39,DaniLeigh - Easy ft. Chris Brown (Remix),DaniLeighVEVO,04:45,Vignaraj#6477
2023-02-11 09:36:41,Beyoncé - Drunk in Love (Explicit) ft. JAY Z,BeyoncéVEVO,06:22,Vignaraj#6477
2023-02-11 09:36:44,Rihanna - Needed Me,RihannaVEVO,03:14,Vignaraj#6477
2023-02-11 09:36:47,Katy Perry - Harleys In Hawaii (Official),KatyPerryVEVO,03:14,Vignaraj#6477
2023-02-11 09:36:49,H.E.R. - Damage (Official Video),HERMusicVEVO,04:44,Vignaraj#6477
2023-02-11 09:36:52,Enrique Iglesias - Hero (Official Music Video),EnriqueIglesiasVEVO,04:23,Vignaraj#6477
2023-02-11 09:36:55,"Daniel Caesar & H.E.R. - Best Part, a Visual",DanielCaesarVEVO,04:03,Vignaraj#6477
2023-02-11 09:36:58,Rihanna - Loveeeeeee Song (Lyrics) Ft. Future,Popular Music,04:18,Vignaraj#6477
2023-02-11 09:37:00,Russ - Losin Control (Official Video),RussVEVO,04:00,Vignaraj#6477
2023-02-11 09:37:03,Giveon - Like I Want You (Official Music Video),GiveonVEVO,05:05,Vignaraj#6477
2023-02-11 09:37:06,Bryson Tiller - Don't (Explicit Version),BrysonTillerVEVO,04:43,Vignaraj#6477
2023-02-11 09:37:08,Destiny's Child - Say My Name (Official Video),DestinysChildVEVO,04:59,Vignaraj#6477
2023-02-11 09:37:11,Bruno Mars - Versace on the Floor (Official Music Video),Bruno Mars,06:37,Vignaraj#6477
2023-02-11 09:37:14,T-Pain - Buy U A Drank (Shawty Snappin') (Official HD Video) ft. Yung Joc,TPainVEVO,04:50,Vignaraj#6477
2023-02-11 09:37:16,Gesaffelstein & The Weeknd - Lost in the Fire (Official Video),GesaffelsteinVEVO,03:19,Vignaraj#6477
2023-02-11 09:37:19,Muni Long - Hrs & Hrs,MuniLongVEVO,04:52,Vignaraj#6477
2023-02-11 09:37:22,The Pussycat Dolls - Stickwitu (Official Music Video) ft. Avant,ThePussycatDollsVEVO,04:31,Vignaraj#6477
2023-02-11 09:37:25,The Weeknd - Earned It (from Fifty Shades Of Grey) (Official Video - Explicit),TheWeekndVEVO,05:36,Vignaraj#6477
2023-02-11 09:37:28,Brandy & Monica - The Boy Is Mine (Official Video),Brandy Videos,04:02,Vignaraj#6477
2023-02-11 09:37:30,Khalid - Location (Official Video),KhalidVEVO,04:42,Vignaraj#6477
2023-02-11 09:37:33,Ray J - One Wish,RayJ Official,04:02,Vignaraj#6477
2023-02-11 09:37:35,Cardi B & Bruno Mars - Please Me (Official Video),Cardi B,04:51,Vignaraj#6477
2023-02-11 09:37:38,dhruv - double take (Official Video),dhruv,03:50,Vignaraj#6477
2023-02-11 09:37:41,BRENT FAIYAZ - ALL MINE [Official Video],Brent Faiyaz,04:38,Vignaraj#6477
2023-02-11 09:37:44,Monica feat. Ty Dolla $ign - FRIENDS (Official Video),monicaofficial,04:12,Vignaraj#6477
2023-02-11 09:41:32,"Maragatha Naanayam | Nee Kavithaigala Song with Lyrics | Aadhi, Nikki Galrani | Dhibu Ninan Thomas",Think Music India,05:46,Vignaraj#6477
2023-02-11 09:43:55,LEO - Bloody Sweet Promo | Thalapathy Vijay | Lokesh Kanagaraj | Anirudh,Sony Music India,03:49,Vignaraj#6477
2023-02-11 09:45:36,"Maragatha Naanayam | Nee Kavithaigala Song with Lyrics | Aadhi, Nikki Galrani | Dhibu Ninan Thomas",Think Music India,05:46,Vignaraj#6477
2023-02-11 09:45:44,Manithan - Aval Video | Udhayanidhi | Santhosh Narayanan,SonyMusicSouthVEVO,04:56,Vignaraj#6477
2023-02-11 09:45:47,"Oh My Kadavule - Kadhaippoma Lyric | Ashok Selvan, Ritika Singh | Leon James | Sid Sriram",Sony Music South,05:47,Vignaraj#6477
2023-02-11 09:45:49,"Vikram Vedha Songs | Yaanji Video Song | R. Madhavan, Vijay Sethupathi | Sam C.S | Anirudh",Think Music India,03:26,Vignaraj#6477
2023-02-11 09:45:52,Adiye Video Song | Bachelor | G.V. Prakash Kumar | Dhibu Ninan Thomas | Sathish | G Dilli Babu,Think Music India,05:37,Vignaraj#6477
2023-02-11 09:45:54,7UP Madras Gig -  Orasaadha | Vivek - Mervin,Sony Music India,04:15,Vignaraj#6477
2023-02-11 09:45:57,"96 Songs| Kaathalae Kaathalae Song | Vijay Sethupathi, Trisha | Govind Vasantha | C. Prem Kumar",Think Music India,03:15,Vignaraj#6477
2023-02-11 09:46:00,"Neeyum Naanum Anbe - Video Song | Imaikkaa Nodigal |  Vijay Sethupathi, Nayanthara | Hiphop Tamizha",Think Music India,04:13,Vignaraj#6477
2023-02-11 09:46:02,"Sivappu Manjal Pachai | Usure Video Song | Siddharth, G.V.Prakash Kumar | Sasi | Siddhu Kumar",Think Music India,04:00,Vignaraj#6477
2023-02-11 09:46:05,Pirai Thedum | Mayakkam Enna | Saindhavi | G.V.Prakash | Lyrics,Energy Reflux,06:33,Vignaraj#6477
2023-02-11 09:46:07,"Ispade Rajavum Idhaya Raniyum | Kannamma Video Song | Harish Kalyan, Shilpa Manjunath | Sam C.S",Think Music India,04:02,Vignaraj#6477
2023-02-11 09:46:10,"Kanave Nee Naan - Kannum Kannum Kollaiyadithaal | Dulquer S, Ritu V & Rakshan | Masala Coffee",Zee Music South,02:11,Vignaraj#6477
2023-02-11 09:46:13,Marappadhilai Nenje (Additional Song),Leon James - Topic,03:29,Vignaraj#6477
2023-02-11 09:46:16,"Madharasapattinam - Pookkal Pookkum Video | Aarya, Amy Jackson",SonyMusicSouthVEVO,06:25,Vignaraj#6477
2023-02-11 09:46:19,"Meesaya Murukku Songs | Sakkarakatti Video Song | Hiphop Tamizha, Aathmika, Vivek",Think Music India,03:08,Vignaraj#6477
2023-02-11 09:46:22,"Thooriga | HDR | Guitar Kambi Mele Nindru | Suriya, Prayaga Martin |Gautham Menon |Karthik |Navarasa",Think Music India,04:50,Vignaraj#6477
2023-02-11 09:46:24,Vaisagh - Kaaka Kadha Ft. Pawan Alex & Ann Sheetal | Pradeep Deva | Think Indie,Think Music India,06:34,Vignaraj#6477
2023-02-11 09:46:27,"Vaamanan - Oru Devathai Video | Jai, Priya Anand | Yuvan",SonyMusicSouthVEVO,05:45,Vignaraj#6477
2023-02-11 09:46:29,"Vishal Chandrasekhar, Sai Vignesh - Kurumugil (lyrics) Sita Ramam (Tamil)",seventyskye,04:37,Vignaraj#6477
2023-02-11 09:46:32,"Paiya - En Kadhal Solla Video | Karthi, Tamannah | Yuvan Shankar Raja",SonyMusicSouthVEVO,05:46,Vignaraj#6477
2023-02-11 09:47:32,"Maragatha Naanayam | Nee Kavithaigala Song with Lyrics | Aadhi, Nikki Galrani | Dhibu Ninan Thomas",Think Music India,05:46,Vignaraj#6477
2023-02-11 09:47:41,Manithan - Aval Video | Udhayanidhi | Santhosh Narayanan,SonyMusicSouthVEVO,04:56,Vignaraj#6477
2023-02-11 09:47:43,"Oh My Kadavule - Kadhaippoma Lyric | Ashok Selvan, Ritika Singh | Leon James | Sid Sriram",Sony Music South,05:47,Vignaraj#6477
2023-02-11 09:47:46,"Vikram Vedha Songs | Yaanji Video Song | R. Madhavan, Vijay Sethupathi | Sam C.S | Anirudh",Think Music India,03:26,Vignaraj#6477
2023-02-11 09:47:48,Adiye Video Song | Bachelor | G.V. Prakash Kumar | Dhibu Ninan Thomas | Sathish | G Dilli Babu,Think Music India,05:37,Vignaraj#6477
2023-02-11 09:47:51,7UP Madras Gig -  Orasaadha | Vivek - Mervin,Sony Music India,04:15,Vignaraj#6477
2023-02-11 09:47:54,"96 Songs| Kaathalae Kaathalae Song | Vijay Sethupathi, Trisha | Govind Vasantha | C. Prem Kumar",Think Music India,03:15,Vignaraj#6477
2023-02-11 09:47:57,"Neeyum Naanum Anbe - Video Song | Imaikkaa Nodigal |  Vijay Sethupathi, Nayanthara | Hiphop Tamizha",Think Music India,04:13,Vignaraj#6477
2023-02-11 09:48:00,"Sivappu Manjal Pachai | Usure Video Song | Siddharth, G.V.Prakash Kumar | Sasi | Siddhu Kumar",Think Music India,04:00,Vignaraj#6477
2023-02-11 09:48:03,Pirai Thedum | Mayakkam Enna | Saindhavi | G.V.Prakash | Lyrics,Energy Reflux,06:33,Vignaraj#6477
2023-02-11 09:48:05,"Ispade Rajavum Idhaya Raniyum | Kannamma Video Song | Harish Kalyan, Shilpa Manjunath | Sam C.S",Think Music India,04:02,Vignaraj#6477
2023-02-11 09:48:08,"Kanave Nee Naan - Kannum Kannum Kollaiyadithaal | Dulquer S, Ritu V & Rakshan | Masala Coffee",Zee Music South,02:11,Vignaraj#6477
2023-02-11 09:48:11,Marappadhilai Nenje (Additional Song),Leon James - Topic,03:29,Vignaraj#6477
2023-02-11 09:48:14,"Madharasapattinam - Pookkal Pookkum Video | Aarya, Amy Jackson",SonyMusicSouthVEVO,06:25,Vignaraj#6477
2023-02-11 09:48:17,"Meesaya Murukku Songs | Sakkarakatti Video Song | Hiphop Tamizha, Aathmika, Vivek",Think Music India,03:08,Vignaraj#6477
2023-02-11 09:48:19,"Thooriga | HDR | Guitar Kambi Mele Nindru | Suriya, Prayaga Martin |Gautham Menon |Karthik |Navarasa",Think Music India,04:50,Vignaraj#6477
2023-02-11 09:48:22,Vaisagh - Kaaka Kadha Ft. Pawan Alex & Ann Sheetal | Pradeep Deva | Think Indie,Think Music India,06:34,Vignaraj#6477
2023-02-11 09:48:25,"Vaamanan - Oru Devathai Video | Jai, Priya Anand | Yuvan",SonyMusicSouthVEVO,05:45,Vignaraj#6477
2023-02-11 09:48:28,Kurumugil | Sai Vignesh | Sita Ramam,Sai Vignesh R,01:14,Vignaraj#6477
2023-02-11 09:48:31,"Paiya - En Kadhal Solla Video | Karthi, Tamannah | Yuvan Shankar Raja",SonyMusicSouthVEVO,05:46,Vignaraj#6477
2023-02-11 10:00:43,"Maragatha Naanayam | Nee Kavithaigala Song with Lyrics | Aadhi, Nikki Galrani | Dhibu Ninan Thomas",Think Music India,05:46,Vignaraj#6477
2023-02-11 10:00:52,Manithan - Aval Video | Udhayanidhi | Santhosh Narayanan,SonyMusicSouthVEVO,04:56,Vignaraj#6477
2023-02-11 10:00:54,"Oh My Kadavule - Kadhaippoma Lyric | Ashok Selvan, Ritika Singh | Leon James | Sid Sriram",Sony Music South,05:47,Vignaraj#6477
2023-02-11 10:00:57,"Vikram Vedha Songs | Yaanji Video Song | R. Madhavan, Vijay Sethupathi | Sam C.S | Anirudh",Think Music India,03:26,Vignaraj#6477
2023-02-11 10:01:00,Adiye Video Song | Bachelor | G.V. Prakash Kumar | Dhibu Ninan Thomas | Sathish | G Dilli Babu,Think Music India,05:37,Vignaraj#6477
2023-02-11 10:01:02,7UP Madras Gig -  Orasaadha | Vivek - Mervin,Sony Music India,04:15,Vignaraj#6477
2023-02-11 10:01:05,"96 Songs| Kaathalae Kaathalae Song | Vijay Sethupathi, Trisha | Govind Vasantha | C. Prem Kumar",Think Music India,03:15,Vignaraj#6477
2023-02-11 10:01:07,"Neeyum Naanum Anbe - Video Song | Imaikkaa Nodigal |  Vijay Sethupathi, Nayanthara | Hiphop Tamizha",Think Music India,04:13,Vignaraj#6477
2023-02-11 10:01:10,"Sivappu Manjal Pachai | Usure Video Song | Siddharth, G.V.Prakash Kumar | Sasi | Siddhu Kumar",Think Music India,04:00,Vignaraj#6477
2023-02-11 10:01:13,Pirai Thedum | Mayakkam Enna | Saindhavi | G.V.Prakash | Lyrics,Energy Reflux,06:33,Vignaraj#6477
2023-02-11 10:01:16,"Ispade Rajavum Idhaya Raniyum | Kannamma Video Song | Harish Kalyan, Shilpa Manjunath | Sam C.S",Think Music India,04:02,Vignaraj#6477
2023-02-11 10:01:18,"Kanave Nee Naan - Kannum Kannum Kollaiyadithaal | Dulquer S, Ritu V & Rakshan | Masala Coffee",Zee Music South,02:11,Vignaraj#6477
2023-02-11 10:01:21,Marappadhilai Nenje (Additional Song),Leon James - Topic,03:29,Vignaraj#6477
2023-02-11 10:01:23,"Madharasapattinam - Pookkal Pookkum Video | Aarya, Amy Jackson",SonyMusicSouthVEVO,06:25,Vignaraj#6477
2023-02-11 10:01:26,"Meesaya Murukku Songs | Sakkarakatti Video Song | Hiphop Tamizha, Aathmika, Vivek",Think Music India,03:08,Vignaraj#6477
2023-02-11 10:01:28,"Thooriga | HDR | Guitar Kambi Mele Nindru | Suriya, Prayaga Martin |Gautham Menon |Karthik |Navarasa",Think Music India,04:50,Vignaraj#6477
2023-02-11 10:01:31,Vaisagh - Kaaka Kadha Ft. Pawan Alex & Ann Sheetal | Pradeep Deva | Think Indie,Think Music India,06:34,Vignaraj#6477
2023-02-11 10:01:34,"Vaamanan - Oru Devathai Video | Jai, Priya Anand | Yuvan",SonyMusicSouthVEVO,05:45,Vignaraj#6477
2023-02-11 10:01:36,"Vishal Chandrasekhar, Sai Vignesh - Kurumugil (lyrics) Sita Ramam (Tamil)",seventyskye,04:37,Vignaraj#6477
2023-02-11 10:01:39,"Paiya - En Kadhal Solla Video | Karthi, Tamannah | Yuvan Shankar Raja",SonyMusicSouthVEVO,05:46,Vignaraj#6477
2023-02-11 10:02:15,VIKRAM Title Track Lyric | Kamal Haasan | Vijay Sethupathi | Lokesh Kanagaraj | Anirudh,Sony Music South,04:37,Vignaraj#6477
2023-02-11 10:07:54,Bodhai Kaname Video Song | Oh Manapenne | Anirudh | Shashaa | Harish Kalyan | Priya Bhavanishankar,Think Music India,04:21,Vignaraj#6477
2023-02-11 10:08:02,Megham Karukatha - Official Video Song | Thiruchitrambalam | Dhanush | Anirudh | Sun Pictures,Sun TV,05:42,Vignaraj#6477
2023-02-11 10:08:05,"Kaadhal En Kaviye - Lyrical | Salmon 3D | Sid Sriram | Vijay Yesudas, Jonita Doda | Sreejith Edavana",Lahari Music | T-Series,05:12,Vignaraj#6477
2023-02-11 10:08:07,Adiye Video Song | Bachelor | G.V. Prakash Kumar | Dhibu Ninan Thomas | Sathish | G Dilli Babu,Think Music India,05:37,Vignaraj#6477
2023-02-11 10:08:10,"Don - Bae Music Video | Sivakarthikeyan, Priyanka Mohan | Anirudh Ravichander | Cibi Chakaravarthi",Sony Music South,04:02,Vignaraj#6477
2023-02-11 10:08:13,Mudhal Nee Mudivum Nee - Title Track Video | Darbuka Siva | Sid Sriram | Thamarai,SonyMusicSouthVEVO,06:35,Vignaraj#6477
2023-02-11 10:08:16,Kaalathukkum Nee Venum Video Song | VTK | HDR| Silambarasan TR |Gautham Vasudev Menon|@ARRahman,Think Music India,06:15,Vignaraj#6477
2023-02-11 10:08:18,"Viruman - Kanja Poovu Kannala Video | Karthi, Aditi Shankar | Yuvan Shankar Raja | Muthaiya",Sony Music South,04:01,Vignaraj#6477
2023-02-11 10:08:21,"Oh My Kadavule - Kadhaippoma Lyric | Ashok Selvan, Ritika Singh | Leon James | Sid Sriram",Sony Music South,05:47,Vignaraj#6477
2023-02-11 10:08:24,Cobra - Uyir Urugudhey Video | Chiyaan Vikram | @A. R. Rahman,SonyMusicSouthVEVO,05:10,Vignaraj#6477
2023-02-11 10:08:26,"Enna Solla Pogirai - Neethanadi Video Song | Ashwin Kumar, Teju | Vivek-Mervin | A. Hariharan",Muzik247,04:51,Vignaraj#6477
2023-02-11 10:08:29,Kaathuvaakula Rendu Kaadhal - Rendu Kaadhal Music Video | Vijay Sethupathi | Anirudh |Vignesh Shivan,Sony Music South,05:54,Vignaraj#6477
2023-02-11 10:08:32,"Thooriga | HDR | Guitar Kambi Mele Nindru | Suriya, Prayaga Martin |Gautham Menon |Karthik |Navarasa",Think Music India,04:50,Vignaraj#6477
2023-02-11 10:08:34,Dhruva Natchathiram - Oru Manam Video | Chiyaan Vikram | Harris Jayaraj | Gautham Vasudev Menon,Sony Music South,06:08,Vignaraj#6477
2023-02-11 10:08:37,"Kaathuvaakula Rendu Kaadhal - Naan Pizhai Video | Vijay Sethupathi, Nayanthara | Anirudh Ravichander",Sony Music South,04:00,Vignaraj#6477
2023-02-11 10:08:39,"Yaaraiyum Ivlo Azhaga - Video | Sulthan | Karthi, Rashmika | Silambarasan TR | Vivek - Mervin | 4K",Dream Warrior Pictures,04:19,Vignaraj#6477
2023-02-11 10:08:42,Master - Andha Kanna Paathaakaa Lyric | Thalapathy Vijay | Anirudh Ravichander | Lokesh Kanagaraj,Sony Music South,03:18,Vignaraj#6477
2023-02-11 10:08:45,Jagame Thandhiram - Nethu Video | Dhanush | Santhosh Narayanan | Karthik Subbaraj,Sony Music South,04:01,Vignaraj#6477
2023-02-11 10:08:48,"Thaarame Thaarame Video Song | Kadaram Kondan | Abi Hassan, Akshara Haasan | Sid Sriram | Ghibran",Muzik247,03:00,Vignaraj#6477
2023-02-11 10:08:50,"Ennai Vittu – Kannum Kannum Kollaiyadithaal | Dulquer S, Ritu V | Ranjith, Vignesh S, Masala Coffee",Zee Music South,04:01,Vignaraj#6477
2023-02-11 10:08:53,"Spreading like wildfire : Bigil's Unakaga Song Singers | Sreekanth Hariharan, Madhura Dhara | Vijay",IndiaGlitz Tamil,19:26,Vignaraj#6477
2023-02-11 10:08:56,"Vaamanan - Oru Devathai Video | Jai, Priya Anand | Yuvan",SonyMusicSouthVEVO,05:45,Vignaraj#6477
2023-02-11 10:08:58,"Hero Video Songs - Tamil |Over'a Feel Pannuren Video Song | Sivakarthikeyan,Kalyani | Yuvan Shankar",Lahari Music | T-Series,04:48,Vignaraj#6477
2023-02-11 10:11:33,Bodhai Kaname Video Song | Oh Manapenne | Anirudh | Shashaa | Harish Kalyan | Priya Bhavanishankar,Think Music India,04:21,Vignaraj#6477
2023-02-11 10:11:42,Megham Karukatha - Official Video Song | Thiruchitrambalam | Dhanush | Anirudh | Sun Pictures,Sun TV,05:42,Vignaraj#6477
2023-02-11 10:11:44,"Kaadhal En Kaviye - Lyrical | Salmon 3D | Sid Sriram | Vijay Yesudas, Jonita Doda | Sreejith Edavana",Lahari Music | T-Series,05:12,Vignaraj#6477
2023-02-11 10:11:47,Adiye Video Song | Bachelor | G.V. Prakash Kumar | Dhibu Ninan Thomas | Sathish | G Dilli Babu,Think Music India,05:37,Vignaraj#6477
2023-02-11 10:11:49,"Don - Bae Music Video | Sivakarthikeyan, Priyanka Mohan | Anirudh Ravichander | Cibi Chakaravarthi",Sony Music South,04:02,Vignaraj#6477
2023-02-11 10:11:52,Mudhal Nee Mudivum Nee - Title Track Video | Darbuka Siva | Sid Sriram | Thamarai,SonyMusicSouthVEVO,06:35,Vignaraj#6477
2023-02-11 10:11:55,Kaalathukkum Nee Venum Video Song | VTK | HDR| Silambarasan TR |Gautham Vasudev Menon|@ARRahman,Think Music India,06:15,Vignaraj#6477
2023-02-11 10:11:58,"Viruman - Kanja Poovu Kannala Video | Karthi, Aditi Shankar | Yuvan Shankar Raja | Muthaiya",Sony Music South,04:01,Vignaraj#6477
2023-02-11 10:12:01,"Oh My Kadavule - Kadhaippoma Video | Ashok Selvan, Ritika Singh | Leon James",SonyMusicSouthVEVO,04:55,Vignaraj#6477
2023-02-11 10:12:04,Cobra - Uyir Urugudhey Video | Chiyaan Vikram | @A. R. Rahman,SonyMusicSouthVEVO,05:10,Vignaraj#6477
2023-02-11 10:12:07,"Enna Solla Pogirai - Neethanadi Video Song | Ashwin Kumar, Teju | Vivek-Mervin | A. Hariharan",Muzik247,04:51,Vignaraj#6477
2023-02-11 10:12:10,Kaathuvaakula Rendu Kaadhal - Rendu Kaadhal Music Video | Vijay Sethupathi | Anirudh |Vignesh Shivan,Sony Music South,05:54,Vignaraj#6477
2023-02-11 10:12:12,"Thooriga | HDR | Guitar Kambi Mele Nindru | Suriya, Prayaga Martin |Gautham Menon |Karthik |Navarasa",Think Music India,04:50,Vignaraj#6477
2023-02-11 10:12:15,Dhruva Natchathiram - Oru Manam Video | Chiyaan Vikram | Harris Jayaraj | Gautham Vasudev Menon,Sony Music South,06:08,Vignaraj#6477
2023-02-11 10:12:17,"Kaathuvaakula Rendu Kaadhal - Naan Pizhai Video | Vijay Sethupathi, Nayanthara | Anirudh Ravichander",Sony Music South,04:00,Vignaraj#6477
2023-02-11 10:12:19,"Yaaraiyum Ivlo Azhaga - Video | Sulthan | Karthi, Rashmika | Silambarasan TR | Vivek - Mervin | 4K",Dream Warrior Pictures,04:19,Vignaraj#6477
2023-02-11 10:12:22,Master - Andha Kanna Paathaakaa Lyric | Thalapathy Vijay | Anirudh Ravichander | Lokesh Kanagaraj,Sony Music South,03:18,Vignaraj#6477
2023-02-11 10:12:24,Jagame Thandhiram - Nethu Video | Dhanush | Santhosh Narayanan | Karthik Subbaraj,Sony Music South,04:01,Vignaraj#6477
2023-02-11 10:12:27,"Thaarame Thaarame Video Song | Kadaram Kondan | Abi Hassan, Akshara Haasan | Sid Sriram | Ghibran",Muzik247,03:00,Vignaraj#6477
2023-02-11 10:12:30,"Ennai Vittu – Kannum Kannum Kollaiyadithaal | Dulquer S, Ritu V | Ranjith, Vignesh S, Masala Coffee",Zee Music South,04:01,Vignaraj#6477
2023-02-11 10:12:32,"Spreading like wildfire : Bigil's Unakaga Song Singers | Sreekanth Hariharan, Madhura Dhara | Vijay",IndiaGlitz Tamil,19:26,Vignaraj#6477
2023-02-11 10:12:35,"Vaamanan - Oru Devathai Video | Jai, Priya Anand | Yuvan",SonyMusicSouthVEVO,05:45,Vignaraj#6477
2023-02-11 10:12:38,"Hero Video Songs - Tamil |Over'a Feel Pannuren Video Song | Sivakarthikeyan,Kalyani | Yuvan Shankar",Lahari Music | T-Series,04:48,Vignaraj#6477
2023-02-11 10:17:29,"Teddy ðŸ§¸ | Nanbiye Video Song | Arya, Sayyeshaa | D. Imman | Shakti Soundar Rajan",Think Music India,05:31,Vignaraj#6477
2023-02-11 10:18:00,Bodhai Kaname Video Song | Oh Manapenne | Anirudh | Shashaa | Harish Kalyan | Priya Bhavanishankar,Think Music India,04:21,Vignaraj#6477
2023-02-11 10:19:09,"Teddy ðŸ§¸ | Nanbiye Video Song | Arya, Sayyeshaa | D. Imman | Shakti Soundar Rajan",Think Music India,05:31,Vignaraj#6477
2023-02-11 10:20:38,"Teddy ðŸ§¸ | Nanbiye Video Song | Arya, Sayyeshaa | D. Imman | Shakti Soundar Rajan",Think Music India,05:31,Vignaraj#6477
2023-02-11 10:23:22,Bodhai Kaname Video Song | Oh Manapenne | Anirudh | Shashaa | Harish Kalyan | Priya Bhavanishankar,Think Music India,04:21,Vignaraj#6477
2023-02-11 10:32:00,"Teddy ðŸ§¸ | Nanbiye Video Song | Arya, Sayyeshaa | D. Imman | Shakti Soundar Rajan",Think Music India,05:31,Vignaraj#6477
2023-02-11 10:32:37,Bodhai Kaname Video Song | Oh Manapenne | Anirudh | Shashaa | Harish Kalyan | Priya Bhavanishankar,Think Music India,04:21,Vignaraj#6477
2023-02-11 10:32:40,Megham Karukatha - Official Video Song | Thiruchitrambalam | Dhanush | Anirudh | Sun Pictures,Sun TV,05:42,Vignaraj#6477
2023-02-11 10:32:43,"Kaadhal En Kaviye - Lyrical | Salmon 3D | Sid Sriram | Vijay Yesudas, Jonita Doda | Sreejith Edavana",Lahari Music | T-Series,05:12,Vignaraj#6477
2023-02-11 10:32:46,Adiye Video Song | Bachelor | G.V. Prakash Kumar | Dhibu Ninan Thomas | Sathish | G Dilli Babu,Think Music India,05:37,Vignaraj#6477
2023-02-11 10:32:49,"Don - Bae Music Video | Sivakarthikeyan, Priyanka Mohan | Anirudh Ravichander | Cibi Chakaravarthi",Sony Music South,04:02,Vignaraj#6477
2023-02-11 10:32:51,Mudhal Nee Mudivum Nee - Title Track Video | Darbuka Siva | Sid Sriram | Thamarai,SonyMusicSouthVEVO,06:35,Vignaraj#6477
2023-02-11 10:32:54,Kaalathukkum Nee Venum Video Song | VTK | HDR| Silambarasan TR |Gautham Vasudev Menon|@ARRahman,Think Music India,06:15,Vignaraj#6477
2023-02-11 10:32:57,"Viruman - Kanja Poovu Kannala Video | Karthi, Aditi Shankar | Yuvan Shankar Raja | Muthaiya",Sony Music South,04:01,Vignaraj#6477
2023-02-11 10:33:00,"Oh My Kadavule - Kadhaippoma Video | Ashok Selvan, Ritika Singh | Leon James",SonyMusicSouthVEVO,04:55,Vignaraj#6477
2023-02-11 10:33:02,Cobra - Uyir Urugudhey Video | Chiyaan Vikram | @A. R. Rahman,SonyMusicSouthVEVO,05:10,Vignaraj#6477
2023-02-11 10:33:06,"Enna Solla Pogirai - Neethanadi Video Song | Ashwin Kumar, Teju | Vivek-Mervin | A. Hariharan",Muzik247,04:51,Vignaraj#6477
2023-02-11 10:33:09,Kaathuvaakula Rendu Kaadhal - Rendu Kaadhal Music Video | Vijay Sethupathi | Anirudh |Vignesh Shivan,Sony Music South,05:54,Vignaraj#6477
2023-02-11 10:33:11,"Thooriga | HDR | Guitar Kambi Mele Nindru | Suriya, Prayaga Martin |Gautham Menon |Karthik |Navarasa",Think Music India,04:50,Vignaraj#6477
2023-02-11 10:33:14,Dhruva Natchathiram - Oru Manam Video | Chiyaan Vikram | Harris Jayaraj | Gautham Vasudev Menon,Sony Music South,06:08,Vignaraj#6477
2023-02-11 10:33:17,"Kaathuvaakula Rendu Kaadhal - Naan Pizhai Video | Vijay Sethupathi, Nayanthara | Anirudh Ravichander",Sony Music South,04:00,Vignaraj#6477
2023-02-11 10:33:20,"Yaaraiyum Ivlo Azhaga - Video | Sulthan | Karthi, Rashmika | Silambarasan TR | Vivek - Mervin | 4K",Dream Warrior Pictures,04:19,Vignaraj#6477
2023-02-11 10:33:23,Master - Andha Kanna Paathaakaa Video | Thalapathy Vijay | Anirudh Ravichander | Lokesh Kanagaraj,Sony Music South,02:08,Vignaraj#6477
2023-02-11 10:33:26,Jagame Thandhiram - Nethu Video | Dhanush | Santhosh Narayanan | Karthik Subbaraj,Sony Music South,04:01,Vignaraj#6477
2023-02-11 10:33:29,"Thaarame Thaarame Video Song | Kadaram Kondan | Abi Hassan, Akshara Haasan | Sid Sriram | Ghibran",Muzik247,03:00,Vignaraj#6477
2023-02-11 10:33:33,"Ennai Vittu â€“ Kannum Kannum Kollaiyadithaal | Dulquer S, Ritu V | Ranjith, Vignesh S, Masala Coffee",Zee Music South,04:01,Vignaraj#6477
2023-02-11 10:33:36,"Spreading like wildfire : Bigil's Unakaga Song Singers | Sreekanth Hariharan, Madhura Dhara | Vijay",IndiaGlitz Tamil,19:26,Vignaraj#6477
2023-02-11 10:33:39,"Vaamanan - Oru Devathai Video | Jai, Priya Anand | Yuvan",SonyMusicSouthVEVO,05:45,Vignaraj#6477
2023-02-11 10:33:42,"Hero Video Songs - Tamil |Over'a Feel Pannuren Video Song | Sivakarthikeyan,Kalyani | Yuvan Shankar",Lahari Music | T-Series,04:48,Vignaraj#6477
2023-02-11 10:33:45,"Teddy ðŸ§¸ | Nanbiye Video Song | Arya, Sayyeshaa | D. Imman | Shakti Soundar Rajan",Think Music India,05:31,Vignaraj#6477
2023-02-11 10:33:47,"Comali - Hi Sonna Podhum Video | Jayam Ravi, Samyuktha Hegde| Hiphop Tamizha",SonyMusicSouthVEVO,04:42,Vignaraj#6477
2023-02-11 10:33:51,"Oh My Kadavule - Haiyo Haiyo Music Video | Ashok Selvan, Ritika Singh | Leon James",SonyMusicSouthVEVO,04:34,Vignaraj#6477
2023-02-11 10:33:53,"Full Video : Piriyadha Enna | Pattas | Dhanush, Sneha | Vijay Yesudas, Niranjana | Vivek - Mervin",T-Series Tamil,03:51,Vignaraj#6477
2023-02-11 10:33:56,Leon James - Vaaya Yen Veera ft. Shakthisree Gopalan,Leon James,03:13,Vignaraj#6477
2023-02-11 10:33:59,Takkar | Nira Song Lyric Video | Siddharth | Sid Sriram | Gautham Menon | Nivas K Prasanna,Think Music India,05:08,Vignaraj#6477
2023-02-11 10:34:02,Maruvaarthai - Lyric Video | Enai Noki Paayum Thota | Dhanush | Darbuka Siva | Gautham Menon,Ondraga Entertainment,06:10,Vignaraj#6477
2023-02-11 10:34:06,"Psycho - Unna Nenachu Video | Udhayanidhi Stalin, Aditi Rao Hydari | Ilayaraja",SonyMusicSouthVEVO,04:55,Vignaraj#6477
2023-02-11 10:34:08,"Ispade Rajavum Idhaya Raniyum | Kannamma Video Song | Harish Kalyan, Shilpa Manjunath | Sam C.S",Think Music India,04:02,Vignaraj#6477
2023-02-11 10:34:11,Visiri - Video Song | Enai Noki Paayum Thota | Dhanush | Darbuka Siva | Gautham Menon | Thamarai,Ondraga Entertainment,06:30,Vignaraj#6477
2023-02-11 10:34:15,One year of Agalaathey!,Prithivee,01:13,Vignaraj#6477
2023-02-11 10:34:18,Mailaanji Lyric Video - Namma Veettu Pillai | Sivakarthikeyan | Sun Pictures | Pandiraj | D.Imman,Sun TV,04:04,Vignaraj#6477
2023-02-11 10:34:21,NGK - Anbae Peranbae Video | Suriya | Yuvan Shankar Raja | Selvaraghavan,SonyMusicSouthVEVO,04:19,Vignaraj#6477
2023-02-11 10:34:24,Ennadi Maayavi Nee (Lyric Video) VADACHENNAI |Dhanush |Vetri Maran | Santhosh Narayanan|,TuneUP,04:08,Vignaraj#6477
2023-02-11 10:34:27,Yaayum Song Making Video Feat. Naresh Iyer & Rita Thyagarajan | Shabir Sulthan | Murugesh,Think Music India,05:49,Vignaraj#6477
2023-02-11 10:34:30,Engleesu Lovesu - Pakkiri | Dhanush & Jonita Gandhi | Amit Trivedi,Zee Music South,03:32,Vignaraj#6477
2023-02-11 10:34:33,Kanaa - Othaiyadi Pathayila Video | Arunraja Kamaraj | Dhibu Ninan Thomas,SonyMusicSouthVEVO,04:13,Vignaraj#6477
2023-02-11 10:34:36,"Kanne Kanne Full Video Song | Ayogya | Anirudh Ravichander | Vishal, Raashi Khanna | Sam CS",T-Series Tamil,03:16,Vignaraj#6477
2023-02-11 10:34:39,"Azhagae Nee Asainthal - Video Song | Kathakali | Vishal, Catherine Tresa | Hiphop Tamizha",Vishal Film Factory,03:28,Vignaraj#6477
2023-02-11 10:34:42,Chekka Chivantha Vaanam - Mazhai Kuruvi Lyric (Tamil) | @ARRahman  | Mani Ratnam | Vairamuthu,Sony Music India,06:47,Vignaraj#6477
2023-02-11 10:34:45,Uriyadi 2 - Vaa Vaa Penne Video (Tamil) | Vijay Kumar | Govind Vasantha,SonyMusicSouthVEVO,05:55,Vignaraj#6477
2023-02-11 10:34:47,"Petta - Ilamai Thirumbudhe Official Video (Tamil) | Rajinikanth, Simran | Anirudh Ravichander",Sony Music South,04:42,Vignaraj#6477
2023-02-11 10:34:50,7UP Madras Gig -  Orasaadha | Vivek - Mervin,Sony Music India,04:15,Vignaraj#6477
2023-02-11 10:34:53,Sandakozhi 2 - Kambathu Ponnu Tamil Video | Vishal | Yuvanshankar Raja,SonyMusicSouthVEVO,04:37,Vignaraj#6477
2023-02-11 10:34:56,"96 Yamune Aatrile Title Track (From ""96 Yamune Aatrile"")",Chinmayi Sripaada - Topic,02:45,Vignaraj#6477
2023-02-11 10:34:58,"Pularaadha Video Song | Dear Comrade Tamil |  Vijay Deverakonda, Rashmika, Bharat",T-Series Tamil,04:10,Vignaraj#6477
2023-02-11 10:35:01,"Gorilla - Yaaradiyo Video | Jiiva, Shalini Pandey | Sam C.S.",SonyMusicSouthVEVO,04:32,Vignaraj#6477
2023-02-11 10:35:04,"Vikram Vedha Songs | Yaanji Video Song | R. Madhavan, Vijay Sethupathi | Sam C.S | Anirudh",Think Music India,03:26,Vignaraj#6477
2023-02-11 10:35:07,"Neeyum Naanum Anbe - Video Song | Imaikkaa Nodigal |  Vijay Sethupathi, Nayanthara | Hiphop Tamizha",Think Music India,04:13,Vignaraj#6477
2023-02-11 10:35:10,"96 Songs| Kaathalae Kaathalae Song | Vijay Sethupathi, Trisha | Govind Vasantha | C. Prem Kumar",Think Music India,03:15,Vignaraj#6477
2023-02-11 10:35:14,"Dope Track - Video Song | Pyaar Prema Kaadhal | Yuvan Shankar Raja | Harish Kalyan, Raiza | Elan",U1 Records,04:11,Vignaraj#6477
2023-02-11 10:35:16,Munbe Vaa - Shreya Ghosal & Naresh Iyer - 2011,Manoj,06:33,Vignaraj#6477
2023-02-11 10:35:19,Neethanae live   Shreya Ghoshal   A R Rahman   Vanitha Film Awards 2018 720p,Holiday Media Bollywood,03:50,Vignaraj#6477
2023-02-11 10:35:23,"High On Love - Video Song | Pyaar Prema Kaadhal | Yuvan Shankar Raja | Harish Kalyan, Raiza | Elan",U1 Records,04:58,Vignaraj#6477
2023-02-11 10:35:26,Maari 2 - Maari's Aanandhi (Lyric Video) | Dhanush | Ilaiyaraaja | Yuvan Shankar Raja | Balaji Mohan,Wunderbar Films,04:18,Vignaraj#6477
2023-02-11 10:35:29,"Kodi Aruvi (feat. Pradeep Kumar, Nithyashree Venkataramanan)",Pradeep Kumar - Topic,04:20,Vignaraj#6477
2023-02-11 10:35:32,Saravanan Irukka Bayamaen - Yembuttu Irukkuthu Aasai Video | Imman | Latest Hit,SonyMusicSouthVEVO,04:27,Vignaraj#6477
2023-02-11 10:35:35,Kannamma - Video Song | Kaala (Tamil) | Rajinikanth | Pa Ranjith | Santhosh Narayanan,Wunderbar Films,04:44,Vignaraj#6477
2023-02-11 10:35:38,"Kabali Songs | Maya Nadhi Video Song | Rajinikanth, Radhika Apte | Pa Ranjith | Santhosh Narayanan",Think Music India,03:05,Vignaraj#6477
2023-02-11 10:35:42,Thalli Pogathey - Video Song | Achcham Yenbadhu Madamaiyada | A R Rahman | STR | Gautham,Ondraga Entertainment,05:04,Vignaraj#6477
2023-02-11 10:35:45,"Sandalee | Sema Songs | Velmurugan, V.M. Mahalingam | G. V. Prakash Kumar",LV Creation Studio,05:24,Vignaraj#6477
2023-02-11 10:35:49,Venpani Malare Male (The Romance Of Power Paandi),Sean Roldan - Topic,04:53,Vignaraj#6477
2023-02-11 10:35:52,"Kodi - Ei Suzhali Tamil Video | Dhanush, Trisha | Santhosh Narayanan",SonyMusicSouthVEVO,03:16,Vignaraj#6477
2023-02-11 10:35:54,Rummy - Koodamela Koodavechi Video | Imman | Vijay Sethupathi,SonyMusicSouthVEVO,05:44,Vignaraj#6477
2023-02-11 10:35:58,"Kaatru Veliyidai - Nallai Allai | Mani Ratnam, AR Rahman | Karthi",SonyMusicSouthVEVO,04:00,Vignaraj#6477
2023-02-11 10:36:00,VENNILAVE/HARIHARAN/BOMBAYJAYASHREE/CRYSTAL  CLEAR AUDIO,THANIGAI JEE MUSIC,05:52,Vignaraj#6477
2023-02-11 10:36:03,Hariharan sing with Vaikkom Vijayalakshmi I Mathrubhumi,Mathrubhumi,08:07,Vignaraj#6477
2023-02-11 10:40:39,"Teddy ðŸ§¸ | Nanbiye Video Song | Arya, Sayyeshaa | D. Imman | Shakti Soundar Rajan",Think Music India,05:31,Vignaraj#6477
2023-02-11 10:40:53,Bodhai Kaname Video Song | Oh Manapenne | Anirudh | Shashaa | Harish Kalyan | Priya Bhavanishankar,Think Music India,04:21,Vignaraj#6477
2023-02-11 10:41:02,Megham Karukatha - Official Video Song | Thiruchitrambalam | Dhanush | Anirudh | Sun Pictures,Sun TV,05:42,Vignaraj#6477
2023-02-11 10:41:05,"Kaadhal En Kaviye - Lyrical | Salmon 3D | Sid Sriram | Vijay Yesudas, Jonita Doda | Sreejith Edavana",Lahari Music | T-Series,05:12,Vignaraj#6477
2023-02-11 10:41:08,Adiye Video Song | Bachelor | G.V. Prakash Kumar | Dhibu Ninan Thomas | Sathish | G Dilli Babu,Think Music India,05:37,Vignaraj#6477
2023-02-11 10:41:10,"Don - Bae Music Video | Sivakarthikeyan, Priyanka Mohan | Anirudh Ravichander | Cibi Chakaravarthi",Sony Music South,04:02,Vignaraj#6477
2023-02-11 10:41:14,Mudhal Nee Mudivum Nee - Title Track Video | Darbuka Siva | Sid Sriram | Thamarai,SonyMusicSouthVEVO,06:35,Vignaraj#6477
2023-02-11 10:41:17,Kaalathukkum Nee Venum Video Song | VTK | HDR| Silambarasan TR |Gautham Vasudev Menon|@ARRahman,Think Music India,06:15,Vignaraj#6477
2023-02-11 10:41:20,"Viruman - Kanja Poovu Kannala Video | Karthi, Aditi Shankar | Yuvan Shankar Raja | Muthaiya",Sony Music South,04:01,Vignaraj#6477
2023-02-11 10:41:24,"Oh My Kadavule - Kadhaippoma Video | Ashok Selvan, Ritika Singh | Leon James",SonyMusicSouthVEVO,04:55,Vignaraj#6477
2023-02-11 10:41:27,Cobra - Uyir Urugudhey Video | Chiyaan Vikram | @A. R. Rahman,SonyMusicSouthVEVO,05:10,Vignaraj#6477
2023-02-11 10:41:30,"Enna Solla Pogirai - Neethanadi Video Song | Ashwin Kumar, Teju | Vivek-Mervin | A. Hariharan",Muzik247,04:51,Vignaraj#6477
2023-02-11 10:41:33,Kaathuvaakula Rendu Kaadhal - Rendu Kaadhal Music Video | Vijay Sethupathi | Anirudh |Vignesh Shivan,Sony Music South,05:54,Vignaraj#6477
2023-02-11 10:41:36,"Thooriga | HDR | Guitar Kambi Mele Nindru | Suriya, Prayaga Martin |Gautham Menon |Karthik |Navarasa",Think Music India,04:50,Vignaraj#6477
2023-02-11 10:41:38,Dhruva Natchathiram - Oru Manam Video | Chiyaan Vikram | Harris Jayaraj | Gautham Vasudev Menon,Sony Music South,06:08,Vignaraj#6477
2023-02-11 10:41:41,"Kaathuvaakula Rendu Kaadhal - Naan Pizhai Video | Vijay Sethupathi, Nayanthara | Anirudh Ravichander",Sony Music South,04:00,Vignaraj#6477
2023-02-11 10:41:45,"Yaaraiyum Ivlo Azhaga - Video | Sulthan | Karthi, Rashmika | Silambarasan TR | Vivek - Mervin | 4K",Dream Warrior Pictures,04:19,Vignaraj#6477
2023-02-11 10:41:48,Master - Andha Kanna Paathaakaa Video | Thalapathy Vijay | Anirudh Ravichander | Lokesh Kanagaraj,Sony Music South,02:08,Vignaraj#6477
2023-02-11 10:41:51,Jagame Thandhiram - Nethu Video | Dhanush | Santhosh Narayanan | Karthik Subbaraj,Sony Music South,04:01,Vignaraj#6477
2023-02-11 10:41:54,"Thaarame Thaarame Video Song | Kadaram Kondan | Abi Hassan, Akshara Haasan | Sid Sriram | Ghibran",Muzik247,03:00,Vignaraj#6477
2023-02-11 10:41:57,"Ennai Vittu â€“ Kannum Kannum Kollaiyadithaal | Dulquer S, Ritu V | Ranjith, Vignesh S, Masala Coffee",Zee Music South,04:01,Vignaraj#6477
2023-02-11 10:42:01,"Spreading like wildfire : Bigil's Unakaga Song Singers | Sreekanth Hariharan, Madhura Dhara | Vijay",IndiaGlitz Tamil,19:26,Vignaraj#6477
2023-02-11 10:42:04,"Vaamanan - Oru Devathai Video | Jai, Priya Anand | Yuvan",SonyMusicSouthVEVO,05:45,Vignaraj#6477
2023-02-11 10:42:07,"Hero Video Songs - Tamil |Over'a Feel Pannuren Video Song | Sivakarthikeyan,Kalyani | Yuvan Shankar",Lahari Music | T-Series,04:48,Vignaraj#6477
2023-02-11 10:42:10,"Teddy ðŸ§¸ | Nanbiye Video Song | Arya, Sayyeshaa | D. Imman | Shakti Soundar Rajan",Think Music India,05:31,Vignaraj#6477
2023-02-11 10:42:12,"Comali - Hi Sonna Podhum Video | Jayam Ravi, Samyuktha Hegde| Hiphop Tamizha",SonyMusicSouthVEVO,04:42,Vignaraj#6477
2023-02-11 10:42:15,"Oh My Kadavule - Haiyo Haiyo Music Video | Ashok Selvan, Ritika Singh | Leon James",SonyMusicSouthVEVO,04:34,Vignaraj#6477
2023-02-11 10:42:18,"Full Video : Piriyadha Enna | Pattas | Dhanush, Sneha | Vijay Yesudas, Niranjana | Vivek - Mervin",T-Series Tamil,03:51,Vignaraj#6477
2023-02-11 10:42:21,Leon James - Vaaya Yen Veera ft. Shakthisree Gopalan,Leon James,03:13,Vignaraj#6477
2023-02-11 10:42:24,Takkar | Nira Song Lyric Video | Siddharth | Sid Sriram | Gautham Menon | Nivas K Prasanna,Think Music India,05:08,Vignaraj#6477
2023-02-11 10:42:27,Maruvaarthai - Lyric Video | Enai Noki Paayum Thota | Dhanush | Darbuka Siva | Gautham Menon,Ondraga Entertainment,06:10,Vignaraj#6477
2023-02-11 10:42:30,"Psycho - Unna Nenachu Video | Udhayanidhi Stalin, Aditi Rao Hydari | Ilayaraja",SonyMusicSouthVEVO,04:55,Vignaraj#6477
2023-02-11 10:42:33,"Ispade Rajavum Idhaya Raniyum | Kannamma Video Song | Harish Kalyan, Shilpa Manjunath | Sam C.S",Think Music India,04:02,Vignaraj#6477
2023-02-11 10:42:36,Visiri - Video Song | Enai Noki Paayum Thota | Dhanush | Darbuka Siva | Gautham Menon | Thamarai,Ondraga Entertainment,06:30,Vignaraj#6477
2023-02-11 10:42:39,Agalaathey - Full Video Song | Nerkonda Paarvai | Ajith Kumar | Yuvan Shankar Raja | Boney Kapoor,Zee Music South,05:37,Vignaraj#6477
2023-02-11 10:42:42,Mailaanji Lyric Video - Namma Veettu Pillai | Sivakarthikeyan | Sun Pictures | Pandiraj | D.Imman,Sun TV,04:04,Vignaraj#6477
2023-02-11 10:42:45,NGK - Anbae Peranbae Video | Suriya | Yuvan Shankar Raja | Selvaraghavan,SonyMusicSouthVEVO,04:19,Vignaraj#6477
2023-02-11 10:42:48,Ennadi Maayavi Nee (Lyric Video) VADACHENNAI |Dhanush |Vetri Maran | Santhosh Narayanan|,TuneUP,04:08,Vignaraj#6477
2023-02-11 10:42:50,Yaayum Song Making Video Feat. Naresh Iyer & Rita Thyagarajan | Shabir Sulthan | Murugesh,Think Music India,05:49,Vignaraj#6477
2023-02-11 10:42:53,Engleesu Lovesu - Pakkiri | Dhanush & Jonita Gandhi | Amit Trivedi,Zee Music South,03:32,Vignaraj#6477
2023-02-11 10:42:57,Kanaa - Othaiyadi Pathayila Video | Arunraja Kamaraj | Dhibu Ninan Thomas,SonyMusicSouthVEVO,04:13,Vignaraj#6477
2023-02-11 10:43:00,"Kanne Kanne Full Video Song | Ayogya | Anirudh Ravichander | Vishal, Raashi Khanna | Sam CS",T-Series Tamil,03:16,Vignaraj#6477
2023-02-11 10:43:04,"Azhagae Nee Asainthal - Video Song | Kathakali | Vishal, Catherine Tresa | Hiphop Tamizha",Vishal Film Factory,03:28,Vignaraj#6477
2023-02-11 10:43:07,Chekka Chivantha Vaanam - Mazhai Kuruvi Lyric (Tamil) | @ARRahman  | Mani Ratnam | Vairamuthu,Sony Music India,06:47,Vignaraj#6477
2023-02-11 10:43:10,Uriyadi 2 - Vaa Vaa Penne Video (Tamil) | Vijay Kumar | Govind Vasantha,SonyMusicSouthVEVO,05:55,Vignaraj#6477
2023-02-11 10:43:13,"Petta - Ilamai Thirumbudhe Official Video (Tamil) | Rajinikanth, Simran | Anirudh Ravichander",Sony Music South,04:42,Vignaraj#6477
2023-02-11 10:43:16,7UP Madras Gig -  Orasaadha | Vivek - Mervin,Sony Music India,04:15,Vignaraj#6477
2023-02-11 10:43:19,Sandakozhi 2 - Kambathu Ponnu Tamil Video | Vishal | Yuvanshankar Raja,SonyMusicSouthVEVO,04:37,Vignaraj#6477
2023-02-11 10:43:22,"96 Yamune Aatrile Title Track (From ""96 Yamune Aatrile"")",Chinmayi Sripaada - Topic,02:45,Vignaraj#6477
2023-02-11 10:43:25,"Pularaadha Video Song | Dear Comrade Tamil |  Vijay Deverakonda, Rashmika, Bharat",T-Series Tamil,04:10,Vignaraj#6477
2023-02-11 10:43:28,"Gorilla - Yaaradiyo Video | Jiiva, Shalini Pandey | Sam C.S.",SonyMusicSouthVEVO,04:32,Vignaraj#6477
2023-02-11 10:43:31,"Vikram Vedha Songs | Yaanji Video Song | R. Madhavan, Vijay Sethupathi | Sam C.S | Anirudh",Think Music India,03:26,Vignaraj#6477
2023-02-11 10:43:34,"Neeyum Naanum Anbe - Video Song | Imaikkaa Nodigal |  Vijay Sethupathi, Nayanthara | Hiphop Tamizha",Think Music India,04:13,Vignaraj#6477
2023-02-11 10:43:37,"96 Songs| Kaathalae Kaathalae Song | Vijay Sethupathi, Trisha | Govind Vasantha | C. Prem Kumar",Think Music India,03:15,Vignaraj#6477
2023-02-11 10:43:40,"Dope Track - Video Song | Pyaar Prema Kaadhal | Yuvan Shankar Raja | Harish Kalyan, Raiza | Elan",U1 Records,04:11,Vignaraj#6477
2023-02-11 10:43:43,Munbe Vaa - Shreya Ghosal & Naresh Iyer - 2011,Manoj,06:33,Vignaraj#6477
2023-02-11 10:43:47,Neethanae live   Shreya Ghoshal   A R Rahman   Vanitha Film Awards 2018 720p,Holiday Media Bollywood,03:50,Vignaraj#6477
2023-02-11 10:43:50,High On Love - Single | Pyaar Prema Kaadhal | Yuvan Shankar Raja | Sid Sriram | Niranjan Bharathi,U1 Records,05:47,Vignaraj#6477
2023-02-11 10:43:53,Maari 2 - Maari's Aanandhi (Lyric Video) | Dhanush | Ilaiyaraaja | Yuvan Shankar Raja | Balaji Mohan,Wunderbar Films,04:18,Vignaraj#6477
2023-02-11 10:43:56,"Kodi Aruvi (feat. Pradeep Kumar, Nithyashree Venkataramanan)",Pradeep Kumar - Topic,04:20,Vignaraj#6477
2023-02-11 10:44:00,Saravanan Irukka Bayamaen - Yembuttu Irukkuthu Aasai Video | Imman | Latest Hit,SonyMusicSouthVEVO,04:27,Vignaraj#6477
2023-02-11 10:44:03,Kannamma Live Performance at Kaala Audio Launch | Rajinikanth | Pa Ranjith | Santhosh Narayanan,Wunderbar Films,05:55,Vignaraj#6477
2023-02-11 10:44:06,"Kabali Songs | Maya Nadhi Video Song | Rajinikanth, Radhika Apte | Pa Ranjith | Santhosh Narayanan",Think Music India,03:05,Vignaraj#6477
2023-02-11 10:44:09,Thalli Pogathey - Video Song | Achcham Yenbadhu Madamaiyada | A R Rahman | STR | Gautham,Ondraga Entertainment,05:04,Vignaraj#6477
2023-02-11 10:44:13,"Sandalee | Sema Songs | Velmurugan, V.M. Mahalingam | G. V. Prakash Kumar",LV Creation Studio,05:24,Vignaraj#6477
2023-02-11 10:44:16,Venpani Malare Male (The Romance Of Power Paandi),Sean Roldan - Topic,04:53,Vignaraj#6477
2023-02-11 10:44:19,"Kodi - Ei Suzhali Tamil Video | Dhanush, Trisha | Santhosh Narayanan",SonyMusicSouthVEVO,03:16,Vignaraj#6477
2023-02-11 10:44:22,Rummy - Koodamela Koodavechi Video | Imman | Vijay Sethupathi,SonyMusicSouthVEVO,05:44,Vignaraj#6477
2023-02-11 10:44:25,"Kaatru Veliyidai - Nallai Allai | Mani Ratnam, AR Rahman | Karthi",SonyMusicSouthVEVO,04:00,Vignaraj#6477
2023-02-11 10:44:29,VENNILAVE/HARIHARAN/BOMBAYJAYASHREE/CRYSTAL  CLEAR AUDIO,THANIGAI JEE MUSIC,05:52,Vignaraj#6477
2023-02-11 10:44:31,Hariharan sing with Vaikkom Vijayalakshmi I Mathrubhumi,Mathrubhumi,08:07,Vignaraj#6477
2023-02-11 10:48:31,"Teddy ðŸ§¸ | Nanbiye Video Song | Arya, Sayyeshaa | D. Imman | Shakti Soundar Rajan",Think Music India,05:31,Vignaraj#6477
2023-02-11 10:48:47,Bodhai Kaname Video Song | Oh Manapenne | Anirudh | Shashaa | Harish Kalyan | Priya Bhavanishankar,Think Music India,04:21,Vignaraj#6477
2023-02-11 10:48:50,Megham Karukatha - Official Video Song | Thiruchitrambalam | Dhanush | Anirudh | Sun Pictures,Sun TV,05:42,Vignaraj#6477
2023-02-11 10:48:53,"Kaadhal En Kaviye - Lyrical | Salmon 3D | Sid Sriram | Vijay Yesudas, Jonita Doda | Sreejith Edavana",Lahari Music | T-Series,05:12,Vignaraj#6477
2023-02-11 10:48:56,Adiye Video Song | Bachelor | G.V. Prakash Kumar | Dhibu Ninan Thomas | Sathish | G Dilli Babu,Think Music India,05:37,Vignaraj#6477
2023-02-11 10:48:59,"Don - Bae Music Video | Sivakarthikeyan, Priyanka Mohan | Anirudh Ravichander | Cibi Chakaravarthi",Sony Music South,04:02,Vignaraj#6477
2023-02-11 10:49:02,Mudhal Nee Mudivum Nee - Title Track Video | Darbuka Siva | Sid Sriram | Thamarai,SonyMusicSouthVEVO,06:35,Vignaraj#6477
2023-02-11 10:49:05,Kaalathukkum Nee Venum Video Song | VTK | HDR| Silambarasan TR |Gautham Vasudev Menon|@ARRahman,Think Music India,06:15,Vignaraj#6477
2023-02-11 10:49:08,"Viruman - Kanja Poovu Kannala Video | Karthi, Aditi Shankar | Yuvan Shankar Raja | Muthaiya",Sony Music South,04:01,Vignaraj#6477
2023-02-11 10:49:11,"Oh My Kadavule - Kadhaippoma Lyric | Ashok Selvan, Ritika Singh | Leon James | Sid Sriram",Sony Music South,05:47,Vignaraj#6477
2023-02-11 10:49:14,Cobra - Uyir Urugudhey Video | Chiyaan Vikram | @A. R. Rahman,SonyMusicSouthVEVO,05:10,Vignaraj#6477
2023-02-11 10:49:17,"Enna Solla Pogirai - Neethanadi Video Song | Ashwin Kumar, Teju | Vivek-Mervin | A. Hariharan",Muzik247,04:51,Vignaraj#6477
2023-02-11 10:49:20,Kaathuvaakula Rendu Kaadhal - Rendu Kaadhal Music Video | Vijay Sethupathi | Anirudh |Vignesh Shivan,Sony Music South,05:54,Vignaraj#6477
2023-02-11 10:49:23,"Thooriga | HDR | Guitar Kambi Mele Nindru | Suriya, Prayaga Martin |Gautham Menon |Karthik |Navarasa",Think Music India,04:50,Vignaraj#6477
2023-02-11 10:49:26,Dhruva Natchathiram - Oru Manam Video | Chiyaan Vikram | Harris Jayaraj | Gautham Vasudev Menon,Sony Music South,06:08,Vignaraj#6477
2023-02-11 10:49:29,"Kaathuvaakula Rendu Kaadhal - Naan Pizhai Video | Vijay Sethupathi, Nayanthara | Anirudh Ravichander",Sony Music South,04:00,Vignaraj#6477
2023-02-11 10:49:32,"Yaaraiyum Ivlo Azhaga - Video | Sulthan | Karthi, Rashmika | Silambarasan TR | Vivek - Mervin | 4K",Dream Warrior Pictures,04:19,Vignaraj#6477
2023-02-11 10:49:35,Master - Andha Kanna Paathaakaa Lyric | Thalapathy Vijay | Anirudh Ravichander | Lokesh Kanagaraj,Sony Music South,03:18,Vignaraj#6477
2023-02-11 10:49:38,Jagame Thandhiram - Nethu Video | Dhanush | Santhosh Narayanan | Karthik Subbaraj,Sony Music South,04:01,Vignaraj#6477
2023-02-11 10:49:41,"Thaarame Thaarame Video Song | Kadaram Kondan | Abi Hassan, Akshara Haasan | Sid Sriram | Ghibran",Muzik247,03:00,Vignaraj#6477
2023-02-11 10:49:45,"Ennai Vittu â€“ Kannum Kannum Kollaiyadithaal | Dulquer S, Ritu V | Ranjith, Vignesh S, Masala Coffee",Zee Music South,04:01,Vignaraj#6477
2023-02-11 10:49:47,"Spreading like wildfire : Bigil's Unakaga Song Singers | Sreekanth Hariharan, Madhura Dhara | Vijay",IndiaGlitz Tamil,19:26,Vignaraj#6477
2023-02-11 10:49:50,"Vaamanan - Oru Devathai Video | Jai, Priya Anand | Yuvan",SonyMusicSouthVEVO,05:45,Vignaraj#6477
2023-02-11 10:49:54,"Hero Video Songs - Tamil |Over'a Feel Pannuren Video Song | Sivakarthikeyan,Kalyani | Yuvan Shankar",Lahari Music | T-Series,04:48,Vignaraj#6477
2023-02-11 10:49:57,"Teddy ðŸ§¸ | Nanbiye Video Song | Arya, Sayyeshaa | D. Imman | Shakti Soundar Rajan",Think Music India,05:31,Vignaraj#6477
2023-02-11 10:50:00,"Comali - Hi Sonna Podhum Video | Jayam Ravi, Samyuktha Hegde| Hiphop Tamizha",SonyMusicSouthVEVO,04:42,Vignaraj#6477
2023-02-11 10:50:03,"Oh My Kadavule - Haiyo Haiyo Music Video | Ashok Selvan, Ritika Singh | Leon James",SonyMusicSouthVEVO,04:34,Vignaraj#6477
2023-02-11 10:50:06,"Full Video : Piriyadha Enna | Pattas | Dhanush, Sneha | Vijay Yesudas, Niranjana | Vivek - Mervin",T-Series Tamil,03:51,Vignaraj#6477
2023-02-11 10:50:09,Leon James - Vaaya Yen Veera ft. Shakthisree Gopalan,Leon James,03:13,Vignaraj#6477
2023-02-11 10:50:12,Takkar | Nira Song Lyric Video | Siddharth | Sid Sriram | Gautham Menon | Nivas K Prasanna,Think Music India,05:08,Vignaraj#6477
2023-02-11 10:50:14,Maruvaarthai - Lyric Video | Enai Noki Paayum Thota | Dhanush | Darbuka Siva | Gautham Menon,Ondraga Entertainment,06:10,Vignaraj#6477
2023-02-11 10:50:18,"Psycho - Unna Nenachu Video | Udhayanidhi Stalin, Aditi Rao Hydari | Ilayaraja",SonyMusicSouthVEVO,04:55,Vignaraj#6477
2023-02-11 10:50:21,"Ispade Rajavum Idhaya Raniyum | Kannamma Video Song | Harish Kalyan, Shilpa Manjunath | Sam C.S",Think Music India,04:02,Vignaraj#6477
2023-02-11 10:50:24,Visiri - Video Song | Enai Noki Paayum Thota | Dhanush | Darbuka Siva | Gautham Menon | Thamarai,Ondraga Entertainment,06:30,Vignaraj#6477
2023-02-11 10:50:28,Agalaathey - Full Video Song | Nerkonda Paarvai | Ajith Kumar | Yuvan Shankar Raja | Boney Kapoor,Zee Music South,05:37,Vignaraj#6477
2023-02-11 10:50:31,Mailaanji Lyric Video - Namma Veettu Pillai | Sivakarthikeyan | Sun Pictures | Pandiraj | D.Imman,Sun TV,04:04,Vignaraj#6477
2023-02-11 10:50:34,NGK - Anbae Peranbae Video | Suriya | Yuvan Shankar Raja | Selvaraghavan,SonyMusicSouthVEVO,04:19,Vignaraj#6477
2023-02-11 10:50:37,Ennadi Maayavi Nee (Lyric Video) VADACHENNAI |Dhanush |Vetri Maran | Santhosh Narayanan|,TuneUP,04:08,Vignaraj#6477
2023-02-11 10:50:41,Yaayum Song Making Video Feat. Naresh Iyer & Rita Thyagarajan | Shabir Sulthan | Murugesh,Think Music India,05:49,Vignaraj#6477
2023-02-11 10:51:20,"Teddy ðŸ§¸ | Nanbiye Video Song | Arya, Sayyeshaa | D. Imman | Shakti Soundar Rajan",Think Music India,05:31,Vignaraj#6477
2023-02-11 10:51:28,"Maragatha Naanayam | Nee Kavithaigala Song with Lyrics | Aadhi, Nikki Galrani | Dhibu Ninan Thomas",Think Music India,05:46,Vignaraj#6477
2023-02-11 10:51:31,Manithan - Aval Video | Udhayanidhi | Santhosh Narayanan,SonyMusicSouthVEVO,04:56,Vignaraj#6477
2023-02-11 10:51:34,"Oh My Kadavule - Kadhaippoma Lyric | Ashok Selvan, Ritika Singh | Leon James | Sid Sriram",Sony Music South,05:47,Vignaraj#6477
2023-02-11 10:51:37,"Vikram Vedha Songs | Yaanji Video Song | R. Madhavan, Vijay Sethupathi | Sam C.S | Anirudh",Think Music India,03:26,Vignaraj#6477
2023-02-11 10:51:42,Adiye Video Song | Bachelor | G.V. Prakash Kumar | Dhibu Ninan Thomas | Sathish | G Dilli Babu,Think Music India,05:37,Vignaraj#6477
2023-02-11 10:51:44,7UP Madras Gig -  Orasaadha | Vivek - Mervin,Sony Music India,04:15,Vignaraj#6477
2023-02-11 10:51:47,"96 Songs| Kaathalae Kaathalae Song | Vijay Sethupathi, Trisha | Govind Vasantha | C. Prem Kumar",Think Music India,03:15,Vignaraj#6477
2023-02-11 10:51:50,"Neeyum Naanum Anbe - Video Song | Imaikkaa Nodigal |  Vijay Sethupathi, Nayanthara | Hiphop Tamizha",Think Music India,04:13,Vignaraj#6477
2023-02-11 10:51:54,"Sivappu Manjal Pachai | Usure Video Song | Siddharth, G.V.Prakash Kumar | Sasi | Siddhu Kumar",Think Music India,04:00,Vignaraj#6477
2023-02-11 10:51:57,Pirai Thedum | Mayakkam Enna | Saindhavi | G.V.Prakash | Lyrics,Energy Reflux,06:33,Vignaraj#6477
2023-02-11 10:52:00,"Ispade Rajavum Idhaya Raniyum | Kannamma Video Song | Harish Kalyan, Shilpa Manjunath | Sam C.S",Think Music India,04:02,Vignaraj#6477
2023-02-11 10:52:03,"Kanave Nee Naan - Kannum Kannum Kollaiyadithaal | Dulquer S, Ritu V & Rakshan | Masala Coffee",Zee Music South,02:11,Vignaraj#6477
2023-02-11 10:52:06,Marappadhilai Nenje (Additional Song),Leon James - Topic,03:29,Vignaraj#6477
2023-02-11 10:52:09,"Madharasapattinam - Pookkal Pookkum Video | Aarya, Amy Jackson",SonyMusicSouthVEVO,06:25,Vignaraj#6477
2023-02-11 10:52:12,"Meesaya Murukku Songs | Sakkarakatti Video Song | Hiphop Tamizha, Aathmika, Vivek",Think Music India,03:08,Vignaraj#6477
2023-02-11 10:52:16,"Thooriga | HDR | Guitar Kambi Mele Nindru | Suriya, Prayaga Martin |Gautham Menon |Karthik |Navarasa",Think Music India,04:50,Vignaraj#6477
2023-02-11 10:52:19,Vaisagh - Kaaka Kadha Ft. Pawan Alex & Ann Sheetal | Pradeep Deva | Think Indie,Think Music India,06:34,Vignaraj#6477
2023-02-11 10:52:23,"Vaamanan - Oru Devathai Video | Jai, Priya Anand | Yuvan",SonyMusicSouthVEVO,05:45,Vignaraj#6477
2023-02-11 10:52:26,Kurumugil | Sita Ramam | Vishal Chandrasekhar | Sai Vignesh | Madhan Karky | Veena N Sangeetha,Sangeetha Narayanan - Music,02:29,Vignaraj#6477
2023-02-11 10:52:29,"Paiya - En Kadhal Solla Video | Karthi, Tamannah | Yuvan Shankar Raja",SonyMusicSouthVEVO,05:46,Vignaraj#6477
2023-02-11 10:54:58,"Teddy ðŸ§¸ | Nanbiye Video Song | Arya, Sayyeshaa | D. Imman | Shakti Soundar Rajan",Think Music India,05:31,Vignaraj#6477
2023-02-11 10:55:24,"Maragatha Naanayam | Nee Kavithaigala Song with Lyrics | Aadhi, Nikki Galrani | Dhibu Ninan Thomas",Think Music India,05:46,Vignaraj#6477
2023-02-11 10:55:28,Manithan - Aval Video | Udhayanidhi | Santhosh Narayanan,SonyMusicSouthVEVO,04:56,Vignaraj#6477
2023-02-11 10:55:31,"Oh My Kadavule - Kadhaippoma Lyric | Ashok Selvan, Ritika Singh | Leon James | Sid Sriram",Sony Music South,05:47,Vignaraj#6477
2023-02-11 10:55:35,"Vikram Vedha Songs | Yaanji Video Song | R. Madhavan, Vijay Sethupathi | Sam C.S | Anirudh",Think Music India,03:26,Vignaraj#6477
2023-02-11 10:55:38,Adiye Video Song | Bachelor | G.V. Prakash Kumar | Dhibu Ninan Thomas | Sathish | G Dilli Babu,Think Music India,05:37,Vignaraj#6477
2023-02-11 10:55:41,7UP Madras Gig -  Orasaadha | Vivek - Mervin,Sony Music India,04:15,Vignaraj#6477
2023-02-11 10:55:44,"#ThinkPremiere Kaathalae Kaathalae - Vijay Sethupathi, Trisha | C. Prem Kumar | Govind Vasantha",Think Music India,03:14,Vignaraj#6477
2023-02-11 10:55:47,"Neeyum Naanum Anbe - Video Song | Imaikkaa Nodigal |  Vijay Sethupathi, Nayanthara | Hiphop Tamizha",Think Music India,04:13,Vignaraj#6477
2023-02-11 10:55:50,"Sivappu Manjal Pachai | Usure Video Song | Siddharth, G.V.Prakash Kumar | Sasi | Siddhu Kumar",Think Music India,04:00,Vignaraj#6477
2023-02-11 10:55:53,Pirai Thedum | Mayakkam Enna | Saindhavi | G.V.Prakash | Lyrics,Energy Reflux,06:33,Vignaraj#6477
2023-02-11 10:55:56,"Ispade Rajavum Idhaya Raniyum | Kannamma Video Song | Harish Kalyan, Shilpa Manjunath | Sam C.S",Think Music India,04:02,Vignaraj#6477
2023-02-11 10:55:59,"Kanave Nee Naan - Kannum Kannum Kollaiyadithaal | Dulquer S, Ritu V & Rakshan | Masala Coffee",Zee Music South,02:11,Vignaraj#6477
2023-02-11 10:56:02,Marappadhilai Nenje (Additional Song),Leon James - Topic,03:29,Vignaraj#6477
2023-02-11 10:56:05,"Madharasapattinam - Pookkal Pookkum Video | Aarya, Amy Jackson",SonyMusicSouthVEVO,06:25,Vignaraj#6477
2023-02-11 10:56:08,"Meesaya Murukku Songs | Sakkarakatti Video Song | Hiphop Tamizha, Aathmika, Vivek",Think Music India,03:08,Vignaraj#6477
2023-02-11 10:56:12,"Thooriga | HDR | Guitar Kambi Mele Nindru | Suriya, Prayaga Martin |Gautham Menon |Karthik |Navarasa",Think Music India,04:50,Vignaraj#6477
2023-02-11 10:56:14,Vaisagh - Kaaka Kadha Ft. Pawan Alex & Ann Sheetal | Pradeep Deva | Think Indie,Think Music India,06:34,Vignaraj#6477
2023-02-11 10:56:18,"Vaamanan - Oru Devathai Video | Jai, Priya Anand | Yuvan",SonyMusicSouthVEVO,05:45,Vignaraj#6477
2023-02-11 10:56:21,Kurumugil | Sai Vignesh | Sita Ramam,Sai Vignesh R,01:14,Vignaraj#6477
2023-02-11 10:56:24,"Paiya - En Kadhal Solla Video | Karthi, Tamannah | Yuvan Shankar Raja",SonyMusicSouthVEVO,05:46,Vignaraj#6477
2023-02-11 10:59:51,"Maragatha Naanayam | Nee Kavithaigala Song with Lyrics | Aadhi, Nikki Galrani | Dhibu Ninan Thomas",Think Music India,05:46,Vignaraj#6477
2023-02-11 11:00:00,Manithan - Aval Video | Udhayanidhi | Santhosh Narayanan,SonyMusicSouthVEVO,04:56,Vignaraj#6477
2023-02-11 11:00:03,"Oh My Kadavule - Kadhaippoma Lyric | Ashok Selvan, Ritika Singh | Leon James | Sid Sriram",Sony Music South,05:47,Vignaraj#6477
2023-02-11 11:00:07,"Vikram Vedha Songs | Yaanji Video Song | R. Madhavan, Vijay Sethupathi | Sam C.S | Anirudh",Think Music India,03:26,Vignaraj#6477
2023-02-11 11:00:11,Adiye Video Song | Bachelor | G.V. Prakash Kumar | Dhibu Ninan Thomas | Sathish | G Dilli Babu,Think Music India,05:37,Vignaraj#6477
2023-02-11 11:00:13,7UP Madras Gig -  Orasaadha | Vivek - Mervin,Sony Music India,04:15,Vignaraj#6477
2023-02-11 11:00:17,"96 Songs| Kaathalae Kaathalae Song | Vijay Sethupathi, Trisha | Govind Vasantha | C. Prem Kumar",Think Music India,03:15,Vignaraj#6477
2023-02-11 11:00:19,"Neeyum Naanum Anbe - Video Song | Imaikkaa Nodigal |  Vijay Sethupathi, Nayanthara | Hiphop Tamizha",Think Music India,04:13,Vignaraj#6477
2023-02-11 11:00:23,"Sivappu Manjal Pachai | Usure Video Song | Siddharth, G.V.Prakash Kumar | Sasi | Siddhu Kumar",Think Music India,04:00,Vignaraj#6477
2023-02-11 11:00:26,Pirai Thedum | Mayakkam Enna | Saindhavi | G.V.Prakash | Lyrics,Energy Reflux,06:33,Vignaraj#6477
2023-02-11 11:00:29,"Ispade Rajavum Idhaya Raniyum | Kannamma Video Song | Harish Kalyan, Shilpa Manjunath | Sam C.S",Think Music India,04:02,Vignaraj#6477
2023-02-11 11:00:32,"Kanave Nee Naan - Kannum Kannum Kollaiyadithaal | Dulquer S, Ritu V & Rakshan | Masala Coffee",Zee Music South,02:11,Vignaraj#6477
2023-02-11 11:00:36,Marappadhilai Nenje (Additional Song),Leon James - Topic,03:29,Vignaraj#6477
2023-02-11 11:00:38,"Madharasapattinam - Pookkal Pookkum Video | Aarya, Amy Jackson",SonyMusicSouthVEVO,06:25,Vignaraj#6477
2023-02-11 11:00:41,"Meesaya Murukku Songs | Sakkarakatti Video Song | Hiphop Tamizha, Aathmika, Vivek",Think Music India,03:08,Vignaraj#6477
2023-02-11 11:00:44,"Thooriga | HDR | Guitar Kambi Mele Nindru | Suriya, Prayaga Martin |Gautham Menon |Karthik |Navarasa",Think Music India,04:50,Vignaraj#6477
2023-02-11 11:00:47,Vaisagh - Kaaka Kadha Ft. Pawan Alex & Ann Sheetal | Pradeep Deva | Think Indie,Think Music India,06:34,Vignaraj#6477
2023-02-11 11:00:50,"Vaamanan - Oru Devathai Video | Jai, Priya Anand | Yuvan",SonyMusicSouthVEVO,05:45,Vignaraj#6477
2023-02-11 11:00:53,Kurumugil | Sita Ramam | Vishal Chandrasekhar | Sai Vignesh | Madhan Karky | Veena N Sangeetha,Sangeetha Narayanan - Music,02:29,Vignaraj#6477
2023-02-11 11:00:56,"Paiya - En Kadhal Solla Video | Karthi, Tamannah | Yuvan Shankar Raja",SonyMusicSouthVEVO,05:46,Vignaraj#6477
2023-02-11 11:01:54,"Maragatha Naanayam | Nee Kavithaigala Song with Lyrics | Aadhi, Nikki Galrani | Dhibu Ninan Thomas",Think Music India,05:46,Vignaraj#6477
2023-02-11 11:02:04,Manithan - Aval Video | Udhayanidhi | Santhosh Narayanan,SonyMusicSouthVEVO,04:56,Vignaraj#6477
2023-02-11 11:02:07,"Oh My Kadavule - Kadhaippoma Lyric | Ashok Selvan, Ritika Singh | Leon James | Sid Sriram",Sony Music South,05:47,Vignaraj#6477
2023-02-11 11:02:10,"Vikram Vedha Songs | Yaanji Video Song | R. Madhavan, Vijay Sethupathi | Sam C.S | Anirudh",Think Music India,03:26,Vignaraj#6477
2023-02-11 11:02:13,Adiye Video Song | Bachelor | G.V. Prakash Kumar | Dhibu Ninan Thomas | Sathish | G Dilli Babu,Think Music India,05:37,Vignaraj#6477
2023-02-11 11:02:16,7UP Madras Gig -  Orasaadha | Vivek - Mervin,Sony Music India,04:15,Vignaraj#6477
2023-02-11 11:02:19,"96 Songs| Kaathalae Kaathalae Song | Vijay Sethupathi, Trisha | Govind Vasantha | C. Prem Kumar",Think Music India,03:15,Vignaraj#6477
2023-02-11 11:02:23,"Neeyum Naanum Anbe - Video Song | Imaikkaa Nodigal |  Vijay Sethupathi, Nayanthara | Hiphop Tamizha",Think Music India,04:13,Vignaraj#6477
2023-02-11 11:02:26,"Sivappu Manjal Pachai | Usure Video Song | Siddharth, G.V.Prakash Kumar | Sasi | Siddhu Kumar",Think Music India,04:00,Vignaraj#6477
2023-02-11 11:02:29,Pirai Thedum | Mayakkam Enna | Saindhavi | G.V.Prakash | Lyrics,Energy Reflux,06:33,Vignaraj#6477
2023-02-11 11:02:32,"Ispade Rajavum Idhaya Raniyum | Kannamma Video Song | Harish Kalyan, Shilpa Manjunath | Sam C.S",Think Music India,04:02,Vignaraj#6477
2023-02-11 11:02:35,"Kanave Nee Naan - Kannum Kannum Kollaiyadithaal | Dulquer S, Ritu V & Rakshan | Masala Coffee",Zee Music South,02:11,Vignaraj#6477
2023-02-11 11:02:38,Marappadhilai Nenje (Additional Song),Leon James - Topic,03:29,Vignaraj#6477
2023-02-11 11:02:41,"Madharasapattinam - Pookkal Pookkum Video | Aarya, Amy Jackson",SonyMusicSouthVEVO,06:25,Vignaraj#6477
2023-02-11 11:02:45,"Meesaya Murukku Songs | Sakkarakatti Video Song | Hiphop Tamizha, Aathmika, Vivek",Think Music India,03:08,Vignaraj#6477
2023-02-11 11:02:47,"Thooriga | HDR | Guitar Kambi Mele Nindru | Suriya, Prayaga Martin |Gautham Menon |Karthik |Navarasa",Think Music India,04:50,Vignaraj#6477
2023-02-11 11:02:50,Vaisagh - Kaaka Kadha Ft. Pawan Alex & Ann Sheetal | Pradeep Deva | Think Indie,Think Music India,06:34,Vignaraj#6477
2023-02-11 11:02:53,"Vaamanan - Oru Devathai Video | Jai, Priya Anand | Yuvan",SonyMusicSouthVEVO,05:45,Vignaraj#6477
2023-02-11 11:02:56,"Vishal Chandrasekhar, Sai Vignesh - Kurumugil (lyrics) Sita Ramam (Tamil)",seventyskye,04:37,Vignaraj#6477
2023-02-11 11:02:59,"Paiya - En Kadhal Solla Video | Karthi, Tamannah | Yuvan Shankar Raja",SonyMusicSouthVEVO,05:46,Vignaraj#6477
2023-02-11 11:05:17,VIKRAM Title Track Lyric | Kamal Haasan | Vijay Sethupathi | Lokesh Kanagaraj | Anirudh,Sony Music South,04:37,Vignaraj#6477
2023-02-11 11:06:02,"Maragatha Naanayam | Nee Kavithaigala Song with Lyrics | Aadhi, Nikki Galrani | Dhibu Ninan Thomas",Think Music India,05:46,Vignaraj#6477
2023-02-11 19:26:41,Vennira Iravugal (Lyrics) - Yuvan Shankar Raja,Supersonic Play,05:51,recovery#1383
